chr	start	end	gene_name	gene_tss	strand	distance	score	label
chr1	3803570	3805848	LRRC47	3796503	-	8205	-0.0014712651521705	0
chr1	3803570	3805848	SMIM1	3772788	+	31923	0.0256769239939025	0
chr1	8858063	8858563	ENO1	8879248	-	20779	-0.107409455981821	1
chr1	10387486	10388537	DFFA	10472525	-	84545	-0.0157557498848692	0
chr1	21963904	21964404	CDC42	22052627	+	88472	0.0054792457032528	0
chr1	23716065	23716565	RPL11	23691779	+	24537	0.0360736017599372	0
chr1	25933351	25933954	STMN1	25906990	-	27150	-0.122234975903461	1
chr1	26104576	26105524	ZNF593	26169871	+	64846	0.0059309783291399	0
chr1	26376717	26377217	HMGN2	26472450	+	95443	-0.0114924135593221	0
chr1	26377523	26378866	HMGN2	26472450	+	94216	-0.0373212482517463	0
chr1	26377523	26378866	LIN28A	26410778	+	32573	-0.0517160214575402	1
chr1	26377523	26378866	SH3BGRL3	26279176	+	98473	-0.019575055018511	0
chr1	26500769	26501550	HMGN2	26472450	+	28749	-0.0123007230462849	0
chr1	27523007	27523999	WASF2	27490157	-	33316	0.0124083499153043	0
chr1	27869198	27869698	PPP1R8	27830778	+	38635	-0.0031563316199478	0
chr1	28249311	28250231	ATPIF1	28236109	+	13681	-0.0459219496020033	0
chr1	28249311	28250231	DNAJC8	28233024	-	16740	-0.0252516147083142	0
chr1	28883765	28884265	EPB41	28887091	+	3075	-0.265214197716918	1
chr1	28884388	28885427	EPB41	28887091	+	2183	-0.199432411592418	1
chr1	31394571	31395186	SNRNP40	31296781	-	98081	-0.0001126720392539	0
chr1	31394571	31395186	ZCCHC17	31296982	+	97897	-0.0125069775172075	0
chr1	31826818	31827761	PTP4A2	31944855	-	92369	0.0024237886852265	0
chr1	31954553	31955764	KHDRBS1	32013829	+	58535	-0.0126440570105266	0
chr1	31954553	31955764	PTP4A2	31944855	-	35500	-0.0666084714008376	0
chr1	31955934	31956777	PTP4A2	31944855	-	36697	-0.0612290221576284	0
chr1	31957624	31958294	KHDRBS1	32013829	+	55734	0.0182905018225061	0
chr1	31957624	31958294	PTP4A2	31944855	-	38301	-0.0208066759502308	0
chr1	35673871	35674539	PSMB2	35641843	-	32361	-0.0119747758997494	0
chr1	36411834	36412334	MRPS15	36464436	-	52355	0.0100761027713601	0
chr1	36492528	36493028	LSM10	36397891	-	94819	-0.0627021165417722	0
chr1	36492528	36493028	MRPS15	36464436	-	28339	-0.0554559317288815	0
chr1	40036551	40037051	CAP1	40040233	+	3781	-0.0101772974049131	0
chr1	45574036	45574769	PRDX1	45523046	-	52464	-0.0376703193869539	0
chr1	46244926	46245636	UQCRH	46303631	+	58331	0.0225812128613283	0
chr1	50976328	50979858	CDKN2C	50960745	+	9399	-0.0339844591810934	0
chr1	50976328	50979858	FAF1	50960262	-	17829	-0.0098490940565715	0
chr1	51896789	51897289	NRDC	51878936	-	18102	-0.0229608898845406	0
chr1	67431689	67432564	SERBP1	67430414	-	1686	-0.0329749485699713	0
chr1	67479062	67479777	SERBP1	67430414	-	48979	-0.0309326346452263	0
chr1	67682485	67683200	GADD45A	67685061	+	2334	-0.0804271540076778	1
chr1	85224598	85225505	C1orf52	85259671	-	34621	-0.0113191714486002	0
chr1	86774209	86775355	SH3GLB1	86704570	+	70213	0.0121982906205944	0
chr1	95084201	95084944	TMEM56	95117338	+	32765	-0.121579208908826	1
chr1	95085335	95085835	TMEM56	95117338	+	31752	-0.232876715711768	1
chr1	95086848	95087635	TMEM56	95117338	+	30096	-0.0941626684501351	1
chr1	95115581	95116081	TMEM56	95117338	+	1506	-0.126414244115867	1
chr1	108533276	108534274	FAM102B	108560089	+	26573	-0.0392917947922745	1
chr1	109889127	109889627	AHCYL1	109984686	+	95387	0.0021404533489211	0
chr1	109901635	109902135	AHCYL1	109984686	+	82879	0.0417987341896653	0
chr1	111467757	111468257	WDR77	111449375	-	18699	-0.0409029944637667	0
chr1	116503996	116504794	CD58	116571038	-	66698	-0.0659824731389965	1
chr1	150186641	150188059	APH1A	150269579	-	81859	-0.0609665994452827	0
chr1	150545481	150546099	ENSA	150629611	-	83832	-0.023082269596069	0
chr1	150976787	150977582	CERS2	150975003	-	2181	-0.0816888532511099	1
chr1	154886234	154886734	PMVK	154936990	-	50524	-0.014217024955664	0
chr1	154995616	154996116	CKS1B	154974653	+	21225	-0.0716435032280555	0
chr1	154995616	154996116	PMVK	154936990	-	58858	-0.0288860989743502	0
chr1	156398375	156398875	CCT3	156367872	-	60210	0.0096060315887649	0
chr1	156502786	156503713	NAXE	156591762	+	88516	-0.0049905730248517	0
chr1	156504995	156505706	NAXE	156591762	+	86415	-0.0360762288188936	0
chr1	156602662	156603162	NAXE	156591762	+	11147	-0.0297518724697008	0
chr1	156663199	156663699	GPATCH4	156601495	-	61962	-0.0034244123744772	0
chr1	156663199	156663699	HDGF	156766924	-	88999	-0.0512746815399667	0
chr1	156663199	156663699	MRPL24	156741589	-	77682	0.0256405487942717	0
chr1	156663199	156663699	NAXE	156591762	+	71684	0.0016527378680579	0
chr1	156694071	156694571	HDGF	156766924	-	58127	0.0023777879115305	0
chr1	156694071	156694571	MRPL24	156741589	-	46810	-0.0021683116133641	0
chr1	156694071	156694571	PRCC	156750610	+	73160	-0.053538366657904	0
chr1	158689047	158689547	SPTA1	158686697	-	2581	-0.094944473400681	1
chr1	158691856	158692709	SPTA1	158686697	-	5566	-0.100250496088169	1
chr1	161389679	161390494	SDHC	161314257	+	75711	-0.0112835567407444	0
chr1	161502961	161503461	FCGR2A	161505430	+	2203	-0.0297007162798315	1
chr1	167616904	167618053	CREG1	167553766	-	63659	0.0239814874201496	0
chr1	180610505	180611005	XPR1	180632004	+	21254	-0.0905459772369474	1
chr1	182330146	182330646	GLUL	182392205	-	61810	-0.0455432678383502	0
chr1	182337949	182338449	GLUL	182392205	-	54007	-0.173213581213273	1
chr1	182338869	182339369	GLUL	182392205	-	53087	-0.157139893298427	1
chr1	182362501	182363298	GLUL	182392205	-	29307	0.026981906244139	0
chr1	193113367	193113867	GLRX2	193106113	-	7503	-0.017684900969623	0
chr1	193115604	193116104	UCHL5	193060079	-	56461	-0.0426954517655491	0
chr1	198633566	198634247	PTPRC	198638671	+	5061	-0.0806052505764797	1
chr1	201566679	201567432	NAV1	201622885	+	81266	-0.0143285085666225	1
chr1	202075920	202076599	ELF3	202007945	+	65698	-0.0180496065189468	1
chr1	203005609	203006109	ADIPOR1	202958571	-	47463	-0.016676237614467	0
chr1	203005609	203006109	TMEM183A	203007386	+	1507	-0.106355271574818	1
chr1	207746272	207746873	CD46	207752057	+	5465	-0.0750114225909791	1
chr1	212429837	212431414	NENF	212432887	+	2261	-0.124071184794424	1
chr1	213045154	213046736	RPS6KC1	213051233	+	5287	-0.0447293310676283	1
chr1	224333266	224334434	CNIH4	224356850	+	22960	-0.0165718728790353	0
chr1	225444796	225445296	LBR	225428924	-	16933	-0.0779828438078987	0
chr1	225768970	225769470	SRP9	225777813	+	8592	-0.01842115755465	0
chr1	225928390	225928890	PYCR2	225924339	-	4300	-0.166364518872039	1
chr1	225978256	225978756	H3F3A	226061851	+	84200	-0.0047135045428914	0
chr1	226001894	226002659	H3F3A	226061851	+	60430	-0.0221164879969137	0
chr1	226002804	226003304	H3F3A	226061851	+	59652	-0.0545516269498501	0
chr1	226002804	226003304	PYCR2	225924339	-	78714	-0.0184393338195354	0
chr1	226009565	226010065	H3F3A	226061851	+	52891	0.0189713756522985	0
chr1	226109710	226110695	H3F3A	226061851	+	47496	-0.0410676637018077	0
chr1	231046680	231047180	ARV1	230978981	+	67882	-0.0298976748743768	0
chr1	231046680	231047180	FAM89A	231040245	-	6681	-0.249882853643402	1
chr1	231048974	231049909	FAM89A	231040245	-	9192	-0.183845654182022	1
chr1	231053506	231054137	ARV1	230978981	+	74773	-0.0161222530627027	0
chr1	231053506	231054137	FAM89A	231040245	-	13572	-0.101152410822317	1
chr1	231065649	231066489	FAM89A	231040245	-	25820	-0.0963867399548555	1
chr1	231159671	231160568	C1orf131	231241186	-	81068	-0.0191248845748125	0
chr1	231159671	231160568	GNPAT	231241207	+	81053	-0.0152863099191756	0
chr1	234583655	234584155	IRF2BP2	234609524	-	25620	-0.0148826300585383	0
chr1	247855128	247855628	TRIM58	247857199	+	1820	-0.054643674384666	1
chr1	248889286	248889921	ZNF672	248838210	+	51426	-0.0953741417947229	1
chr10	4941547	4942047	AKR1C1	4963253	+	21464	-0.0749379788998597	1
chr10	5472235	5472735	NET1	5412551	+	25935	-0.100327192709411	1
chr10	5479527	5480355	NET1	5412551	+	33391	-0.108551704813398	1
chr10	31972387	31973080	KIF5B	32056430	-	83710	-0.0294008157317093	0
chr10	43380647	43381147	HNRNPF	43409165	-	28311	0.0217596867227658	0
chr10	70667141	70667813	ADAMTS14	70672803	+	5028	-0.0431398128391516	1
chr10	71893870	71894370	PSAP	71851374	-	42745	-0.0715416137654005	0
chr10	72244090	72245417	ANAPC16	72216000	+	28754	0.0399786392733446	0
chr10	72254684	72255534	ANAPC16	72216000	+	39110	0.00169283872009	0
chr10	72256978	72257478	ANAPC16	72216000	+	41229	0.0202911964776864	0
chr10	72308153	72308969	ANAPC16	72216000	+	92562	0.0051755695274227	0
chr10	73991727	73992227	VCL	73995193	+	6136	-0.0688053472579646	1
chr10	75262092	75262592	VDAC2	75210154	+	52189	-0.0106308186625007	0
chr10	87500579	87501079	MINPP1	87504875	+	3636	-0.0599425823613722	1
chr10	92755975	92757041	HHEX	92689951	+	66585	-0.153217768746905	1
chr10	92757079	92757579	HHEX	92689951	+	67406	-0.164521459203092	1
chr10	95297410	95297910	PDLIM1	95291023	-	6512	-0.12530610822312	1
chr10	100370530	100371657	BLOC1S2	100286711	-	84381	-0.0183496438418144	0
chr10	100370530	100371657	SCD	100347124	+	24079	-0.0453927160961344	0
chr10	117411392	117412093	PDZD8	117375466	-	36275	-0.0604277618515763	1
chr10	131916455	131916955	BNIP3	131982012	-	65308	-0.0899277481169002	0
chr11	267480	268474	PSMD13	236546	+	31170	-0.0181568727812645	0
chr11	268698	269824	PSMD13	236546	+	32454	-0.0208261699267334	0
chr11	335679	336457	SIGIRR	417454	-	81329	0.0149972060671437	0
chr11	5280486	5280986	HBB	5229394	-	53665	-0.0177217613569358	1
chr11	5280486	5280986	HBD	5235369	-	46108	-0.0690148237750692	1
chr11	5280486	5280986	HBG1	5249891	-	30879	-0.470617946397366	1
chr11	5284550	5285050	HBG1	5249891	-	34943	-0.528616216525615	1
chr11	5288018	5288518	HBG1	5249891	-	38411	-0.261732716241847	1
chr11	9364144	9365232	IPO7	9384622	+	19933	0.0076616298542158	0
chr11	10735602	10736102	CTR9	10750987	+	15134	0.0167750417316432	0
chr11	14422212	14422712	COPB1	14500026	-	77396	-0.0090508339537617	0
chr11	18384099	18384599	LDHA	18394388	+	10039	-0.0636965430966394	0
chr11	33932753	33933253	LMO2	33892288	-	40714	-0.0833244316724348	1
chr11	33936808	33937715	LMO2	33892288	-	44972	-0.145709694983016	1
chr11	33941571	33942071	LMO2	33892288	-	49532	-0.280202170310181	1
chr11	33944736	33945236	LMO2	33892288	-	52697	-0.405874217490095	1
chr11	34426836	34427967	CAT	34438925	+	11523	-0.0272873532299621	0
chr11	45834193	45834858	PEX16	45918811	-	83598	0.0609462915822634	0
chr11	57292880	57293380	SSRP1	57335876	-	42747	-0.0340784312773383	0
chr11	60193546	60195055	MS4A4A	60280541	+	86240	-0.0114276321994529	1
chr11	61871048	61871769	FADS1	61829317	-	54351	-0.0697851899602349	1
chr11	61871048	61871769	FADS3	61892050	-	20137	0.0597111420831336	0
chr11	61871048	61871769	FEN1	61792637	+	78772	-0.0400536276381699	0
chr11	61871048	61871769	FTH1	61967659	-	96252	0.0259101390630943	0
chr11	61871048	61871769	TMEM258	61792801	-	78795	-0.0054983658554133	0
chr11	61971409	61972293	FTH1	61967659	-	4191	-0.422771301242124	1
chr11	62041876	62042808	FTH1	61967659	-	74682	0.0252938520250816	0
chr11	62680733	62681233	LBHD1	62672254	-	9214	0.0309052989481053	0
chr11	64334970	64335891	BAD	64284703	-	50726	0.0035592310200991	0
chr11	64334970	64335891	ESRRA	64305572	+	29903	-0.0385817585853391	0
chr11	64334970	64335891	FKBP2	64241003	+	94490	-0.0139065704402808	0
chr11	64334970	64335891	PRDX5	64318088	+	17343	0.002761570166468	0
chr11	64334970	64335891	TRMT112	64318083	-	17346	-0.0184006893545184	0
chr11	65150605	65151105	FAU	65122472	-	28655	0.0368858734134387	0
chr11	65362343	65362917	NEAT1	65422774	+	60167	0.02704120518052	0
chr11	65416275	65416775	MALAT1	65497762	+	81212	0.0077407102796962	0
chr11	65419862	65420362	MALAT1	65497762	+	77625	0.0380007838759997	0
chr11	65419862	65420362	NEAT1	65422774	+	2685	-0.100299330170257	0
chr11	65471299	65471799	SSSCA1	65570430	+	98909	-0.0457513232533846	0
chr11	65472002	65472502	MALAT1	65497762	+	25485	-0.072927939945415	0
chr11	65472002	65472502	NEAT1	65422774	+	49455	0.0188950887756178	0
chr11	65472002	65472502	SSSCA1	65570430	+	98206	-0.0320496342900013	0
chr11	65477117	65477876	MALAT1	65497762	+	20241	-0.0146643893266235	0
chr11	65477117	65477876	NEAT1	65422774	+	54699	0.056796590985605	0
chr11	65477117	65477876	SSSCA1	65570430	+	92962	-0.0424533533051666	0
chr11	65478647	65479147	MALAT1	65497762	+	18840	0.050277495578259	0
chr11	65491691	65492191	NEAT1	65422774	+	69144	0.0443303234207777	0
chr11	65510688	65511188	NEAT1	65422774	+	88141	0.020787006247535	0
chr11	65903079	65903579	BANF1	66002079	+	98749	-0.0255247311374771	0
chr11	65903079	65903579	CFL1	65862025	-	44996	-0.0354061778881587	0
chr11	65906553	65907053	BANF1	66002079	+	95275	0.0174720987580537	0
chr11	65906553	65907053	CFL1	65862025	-	48470	-0.0302624206665544	0
chr11	65928038	65928538	BANF1	66002079	+	73790	0.0065374554193835	0
chr11	65928038	65928538	CFL1	65862025	-	69955	-0.0467374022942315	0
chr11	65928038	65928538	DRAP1	65919257	+	9032	-0.0969431020251811	1
chr11	65928038	65928538	FIBP	65888538	-	39749	-0.0097858396236977	0
chr11	65928038	65928538	SART1	65961689	+	33400	-0.006024891146898	0
chr11	65928608	65929108	DRAP1	65919257	+	9602	-0.062345340881231	0
chr11	65941318	65941818	BANF1	66002079	+	60510	-0.0353914261531869	0
chr11	65941318	65941818	CFL1	65862025	-	83235	-0.0688524937409493	0
chr11	65941318	65941818	DRAP1	65919257	+	22312	-0.0364161703325092	0
chr11	67572611	67573568	GSTP1	67583595	+	10505	-0.0373388140551065	0
chr11	67600315	67601033	GSTP1	67583595	+	17080	-0.114455651771257	1
chr11	67620654	67621154	GSTP1	67583595	+	37310	-0.0587993153001695	0
chr11	73779049	73779999	COA4	73876987	-	97321	-0.007218023303857	0
chr11	73784247	73784747	COA4	73876987	-	92348	-0.0711376205875899	0
chr11	75030098	75030598	SPCS2	74949247	+	81102	-0.0507800765914497	0
chr11	75031891	75032391	SPCS2	74949247	+	82895	-0.046197738325734	0
chr11	75096776	75097276	OR2AT4	75089753	-	7313	-0.0121448336286851	1
chr11	75533988	75535423	SERPINH1	75562056	+	27350	-0.0745046368675739	1
chr11	77644460	77645164	CLNS1A	77637804	-	7006	-0.0677803107766578	0
chr11	86134577	86135528	PICALM	86069881	-	65955	-0.0823094105874076	1
chr11	86143550	86144050	PICALM	86069881	-	74703	-0.18742148331837	1
chr11	86148009	86148811	PICALM	86069881	-	79313	-0.19269538409777	1
chr11	86151226	86151726	EED	86244544	+	92907	-0.0470502496341851	1
chr11	86151226	86151726	PICALM	86069881	-	82379	-0.128419943783066	1
chr11	88357085	88358410	CTSC	88337786	-	19960	-0.120397145667911	1
chr11	95147369	95147869	ENDOD1	95089810	+	57810	-0.041019304609885	1
chr11	95733129	95733629	CEP57	95789965	+	57081	-0.0265447716304553	0
chr11	114384193	114384904	RBM7	114400030	+	15980	0.0107766784877881	0
chr11	119062736	119063236	HMBS	119084866	+	21890	0.0628778250384869	0
chr11	119062736	119063236	RPS25	119018690	-	44639	0.0557033173179968	0
chr11	125532640	125533140	CHEK1	125625136	+	92245	-0.0091966959603139	0
chr11	125532640	125533140	EI24	125569216	+	36496	-0.0299691137809025	0
chr11	125532640	125533140	FEZ1	125496316	-	36580	-0.107618570344629	1
chr11	125551610	125552466	CHEK1	125625136	+	73097	-0.0242016455488406	0
chr11	125551610	125552466	EI24	125569216	+	17348	-0.0646982508998601	1
chr11	125551610	125552466	FEZ1	125496316	-	55728	-0.0865119708117428	1
chr11	125551610	125552466	STT3A	125591712	+	40756	-0.0052860049690802	0
chr11	125552655	125553360	CHEK1	125625136	+	72128	-0.0357294543729447	0
chr11	125552655	125553360	EI24	125569216	+	16379	-0.119327800843127	1
chr11	125552655	125553360	FEZ1	125496316	-	56697	-0.147809397689242	1
chr11	125553954	125554454	EI24	125569216	+	15182	-0.0102085483565513	0
chr11	125553954	125554454	FEZ1	125496316	-	57894	-0.0887866302150994	1
chr11	130006751	130007384	APLP2	130069837	+	62753	-0.130912887192149	1
chr12	666590	667895	WNK1	752593	+	85680	0.0014687812331417	0
chr12	6263899	6264399	CD9	6199715	+	63834	-0.030728052984088	1
chr12	6613425	6614302	CHD4	6607475	-	6430	-0.162576395213962	1
chr12	9739667	9741051	KLRF1	9827481	+	87121	-0.0185976248694567	1
chr12	9764686	9765406	CD69	9760900	-	4145	-0.0991509325650408	1
chr12	12353671	12354299	BORCS5	12357079	+	3093	-0.060999346165721	1
chr12	12353671	12354299	MANSC1	12350540	-	3750	-0.0255061025222092	1
chr12	49160042	49160874	TUBA1C	49188736	+	67467	-0.0219286945762987	0
chr12	51326656	51327468	DAZAP2	51238292	+	88339	0.0166164888404319	0
chr12	53365157	53365657	PCBP2	53452102	+	86694	0.0422139687346428	0
chr12	53365157	53365657	PFDN5	53295291	+	69957	0.0135402701786054	0
chr12	53365157	53365657	PRR13	53441605	+	76241	0.0049904274932945	0
chr12	53365817	53366317	PCBP2	53452102	+	86034	0.0389181789003144	0
chr12	53370654	53372050	PCBP2	53452102	+	80749	0.0265509976419811	0
chr12	53370654	53372050	PFDN5	53295291	+	75902	0.0332949993395915	0
chr12	53370654	53372050	PRR13	53441605	+	70296	-0.0325219019127931	0
chr12	56047044	56047544	RPL41	56116586	+	69295	0.0109398181241658	0
chr12	56698763	56699706	ATP5B	56646067	+	53166	-0.0282246362791221	0
chr12	56698763	56699706	NACA	56731627	-	26308	0.0202589079588382	0
chr12	56698763	56699706	PTGES3	56688407	-	10826	-0.0204588737122904	0
chr12	69623955	69624455	CCT2	69585334	+	38778	-0.0367533484909852	0
chr12	71752862	71753362	RAB21	71754874	+	1750	-0.0462064930337872	1
chr12	93302544	93303259	NUDT4	93377883	+	75648	0.0112456453146288	0
chr12	101855210	101856351	DRAM1	101877351	+	21546	-0.0546699627756457	1
chr12	110269527	110270944	ATP2A2	110280756	+	10991	-0.0287118175749532	0
chr12	110354069	110354569	ARPC3	110450421	-	96092	0.0057007347058462	0
chr12	112386678	112387774	RPL6	112418837	-	22415	0.0158298691636154	0
chr12	120625573	120626234	POP5	120581397	-	44509	-0.0493644296993322	0
chr12	124884566	124885309	UBC	124917367	-	30104	0.0185653866465696	0
chr12	124887089	124887589	SCARB1	124882667	-	23366	-0.0411759920319337	1
chr12	124887089	124887589	UBC	124917367	-	27702	-0.0139862551320273	0
chr12	124921043	124922503	UBC	124917367	-	6732	-0.0349252138936851	0
chr12	124939038	124940382	UBC	124917367	-	24669	0.0024728017018469	0
chr13	28611163	28612057	POMP	28659104	+	47393	-0.0463973323548547	0
chr13	42258661	42259161	AKAP11	42272153	+	13241	-0.068864983508302	1
chr13	42259456	42260210	AKAP11	42272153	+	12319	-0.0950695024165531	1
chr14	20482156	20482864	APEX1	20455191	+	27380	0.0065233529002259	0
chr14	20490309	20491291	APEX1	20455191	+	35670	0.0085269301622383	0
chr14	20820431	20821091	RNASE1	20803277	-	17884	-0.0673426808454178	1
chr14	22560754	22561361	DAD1	22589268	-	28180	-0.0197461988617094	0
chr14	22561547	22562047	DAD1	22589268	-	27440	-0.0417610682270233	0
chr14	39145406	39145906	PNN	39175183	+	29526	0.011606079626421	0
chr14	55102919	55103626	LGALS3	55124110	+	25944	-0.0201482705110344	1
chr14	65107151	65107651	MAX	65102694	-	4857	-0.0217769631474659	0
chr14	67414126	67414803	EIF2S1	67359997	+	54148	-0.064021861703333	0
chr14	67416008	67416508	EIF2S1	67359997	+	55942	-0.0395454518617945	0
chr14	67418854	67419354	EIF2S1	67359997	+	58788	-0.0553090584418687	0
chr14	68757442	68758205	ZFP36L1	68796252	-	36091	-0.0034127366913051	0
chr14	68762693	68763722	ZFP36L1	68796252	-	30707	-0.0211905517643218	0
chr14	91267362	91267862	GPR68	91253924	-	13732	-0.0260867289064607	1
chr14	92108195	92108695	NDUFB1	92121916	-	13364	0.0143859907184258	0
chr14	95523233	95524524	GLRX5	95533503	+	11107	-0.0766620698457603	1
chr14	95527308	95527808	GLRX5	95533503	+	7427	-0.0242207612914845	0
chr14	95545711	95546211	GLRX5	95533503	+	10976	-0.191673722809912	1
chr14	96581033	96581533	PAPOLA	96501433	+	78908	-0.0195455265878013	0
chr14	100770440	100770940	DLK1	100725705	+	43826	-0.107076419142375	1
chr14	100770440	100770940	MEG3	100779410	+	55417	-0.289306815034065	1
chr14	103314489	103314989	EIF5	103333544	+	19262	-0.0796025619148812	0
chr14	103315200	103315700	EIF5	103333544	+	18551	-0.0375137181176878	0
chr14	103360477	103360977	EIF5	103333544	+	26726	-0.0171377778266502	0
chr14	103372535	103373035	EIF5	103333544	+	38784	0.0245595036031974	0
chr15	34079861	34080361	EMC7	34101947	-	21741	-0.0633529195960963	0
chr15	40080686	40081186	SRP14	40039187	-	41734	-0.0161192531901094	0
chr15	44726554	44727467	B2M	44711477	+	15524	-0.0522844587908637	0
chr15	44783970	44785123	B2M	44711477	+	73060	-0.0012998271569975	0
chr15	44792522	44793217	B2M	44711477	+	81383	-0.0684640707029476	0
chr15	51652121	51652621	SCG3	51681353	+	28981	-0.0541040773049689	1
chr15	51672071	51672800	SCG3	51681353	+	8917	-0.0424690122790455	1
chr15	72237366	72237866	PKM	72231821	-	5992	-0.291802693578427	1
chr15	75831413	75832596	UBE2Q2	75843285	+	11281	-0.0466085407894837	1
chr15	76313605	76314105	ETFA	76311471	-	2386	-0.101241683077187	1
chr15	78308337	78308837	WDR61	78299793	+	8861	-0.0580708400850634	0
chr15	88917703	88918547	MFGE8	88913410	-	4656	-0.0666625998543813	1
chr15	88919731	88920974	MFGE8	88913410	-	6883	-0.0704282024517624	1
chr15	88985349	88986410	MFGE8	88913410	-	72410	-0.134913469329818	1
chr15	90834571	90835071	HDDC3	90932568	-	97748	-0.0054843226792828	0
chr16	142952	143452	HBQ1	180453	+	37131	-0.0204921723182333	0
chr16	142952	143452	HBZ	152687	+	9652	-0.351458377552336	1
chr16	142952	143452	MPG	77007	+	65033	-0.0185554321850033	0
chr16	144736	145236	HBA1	176680	+	31664	-0.007587638674191	0
chr16	144736	145236	HBQ1	180453	+	35347	-0.0229804714269692	0
chr16	144736	145236	HBZ	152687	+	7868	-0.221834287552494	1
chr16	144736	145236	POLR3K	53627	-	91354	0.0201427993558982	0
chr16	144736	145236	SNRNP25	53010	+	91158	-0.0189889883478386	0
chr16	1923418	1923918	NDUFB10	1959508	+	35847	-0.0014698354960973	0
chr16	1923418	1923918	RPS2	1964859	-	41158	0.0395676295328644	0
chr16	2022546	2023904	MSRB1	1943325	-	79899	0.0486188545707269	0
chr16	2022546	2023904	RPS2	1964859	-	58399	-0.0088064005348338	0
chr16	11231111	11231611	SOCS1	11256178	-	24821	-0.0831440603372792	1
chr16	11233038	11233538	SOCS1	11256178	-	22894	-0.116034047680101	1
chr16	23784725	23785225	PRKCB	23836001	+	51003	0.0029638360016051	0
chr16	23803436	23804335	PRKCB	23836001	+	32093	-0.111716846956897	1
chr16	23821649	23822380	PRKCB	23836001	+	13964	-0.418987303001867	1
chr16	23826451	23827389	PRKCB	23836001	+	9058	-0.14317923652634	1
chr16	29654824	29655324	SPN	29662979	+	8144	-0.105034065440436	1
chr16	31159593	31160093	FUS	31180110	+	20266	-0.0573306970229368	0
chr16	31243999	31244499	FUS	31180110	+	64140	-0.0103568725253382	0
chr16	31253589	31254089	FUS	31180110	+	73730	5.8084908488798e-05	0
chr16	81405660	81406160	CMIP	81445170	+	89438	-0.0160587291234673	0
chr16	88799037	88799537	APRT	88811943	-	12647	-0.0133884336989758	0
chr16	88799037	88799537	CDT1	88803213	+	4490	0.0211821304316231	0
chr16	88799037	88799537	TRAPPC2L	88856220	+	57798	-0.0038367101132885	0
chr17	1321980	1322935	YWHAE	1400377	-	77805	-0.0650158877170543	0
chr17	6575183	6575918	TXNDC17	6640758	+	65351	-0.0608867232248037	0
chr17	8192076	8192882	VAMP2	8163545	-	29504	0.0597586530721301	0
chr17	8304029	8304948	RPL26	8383212	-	78676	0.0017740952321714	0
chr17	8386790	8387290	RPL26	8383212	-	3876	0.0229627275645339	0
chr17	16386512	16387341	UBB	16380798	+	6130	-0.0769481705968197	0
chr17	16395791	16396291	UBB	16380798	+	15245	-0.0728275507924789	0
chr17	16396630	16397542	CENPV	16353655	-	43588	-0.0408246161882031	0
chr17	16398290	16399091	UBB	16380798	+	17894	-0.0649881264348649	0
chr17	17354859	17355359	COPS3	17281292	-	73806	-0.0402362272489774	0
chr17	31802508	31803008	COPRS	31859336	-	56549	0.0261503291621481	0
chr17	32896587	32897843	TMEM98	32927910	+	30694	-0.0826614609050776	1
chr17	38867260	38868514	RPL23	38853842	-	14087	0.0396460672360233	0
chr17	40005478	40005978	PSMD3	39980797	+	24961	-0.0525461520905729	0
chr17	40816451	40817141	KRT10	40822594	-	5815	-0.118710993479368	1
chr17	41530112	41531001	KRT19	41528307	-	2167	-0.445214180979172	1
chr17	41678231	41678731	EIF1	41688885	+	10393	-0.018347978428345	0
chr17	41697198	41697698	EIF1	41688885	+	8574	0.0451479357718896	0
chr17	41792441	41793544	JUP	41786930	-	6280	-0.102514392090151	1
chr17	42624116	42624616	COASY	42561467	+	62293	-0.0075514868629075	0
chr17	42624116	42624616	TUBG1	42609676	+	15027	-0.0892284908062047	1
chr17	42632927	42633427	TUBG1	42609676	+	23838	-0.0205284011854863	0
chr17	42928659	42929614	PSME3	42824385	+	95995	-0.0050008736528475	0
chr17	42928659	42929614	RPL27	42998273	+	69292	0.0485374692775238	0
chr17	44138037	44138537	UBTF	44221625	-	81386	-0.013827495352334	0
chr17	44245227	44246503	SLC25A39	44324869	-	79005	-0.0248618702832757	0
chr17	44281453	44282034	SLC25A39	44324869	-	43127	-0.134739686489577	1
chr17	44288325	44288825	SLC25A39	44324869	-	36295	-0.245635279078288	1
chr17	44288325	44288825	UBTF	44221625	-	68902	-0.0693250885546928	1
chr17	44326738	44327238	SLC25A39	44324869	-	2118	-0.101209516792114	1
chr17	44393252	44394081	SLC25A39	44324869	-	68796	-0.0181479213829828	0
chr17	47239945	47240445	MYL4	47200446	+	30848	-0.0893205730186618	0
chr17	48486498	48486998	HOXB2	48544988	-	58283	0.0036152272611871	0
chr17	48521699	48522551	HOXB4	48580110	-	56256	-0.0447108163876748	0
chr17	48521699	48522551	HOXB7	48633571	-	88896	-0.0043275370309847	0
chr17	48972284	48972784	SNF8	48945116	-	27692	-0.0509241946107414	0
chr17	50153521	50154769	PPP1R9B	50150629	-	3628	-0.0477184129970374	1
chr17	50817183	50817683	LUC7L3	50719544	+	97869	-0.0272108505385135	0
chr17	55737819	55738706	PCTP	55750979	+	12716	-0.0683921872622758	1
chr17	57851171	57852134	MRPS23	57850055	-	1580	-0.0802733142134828	1
chr17	58289803	58290303	SUPT4H1	58353092	-	62185	-0.0009752991517683	0
chr17	59616390	59616987	CLTC	59619689	+	3000	-0.0269064926588496	0
chr17	63844230	63844730	PSMC5	63827152	+	17071	-0.0206318287660828	0
chr17	64023910	64024664	ICAM2	64020633	-	3653	-0.13336642210807	1
chr17	64025648	64026148	ICAM2	64020633	-	5264	-0.0977991844237168	1
chr17	68089842	68090342	C17orf58	67996430	-	96443	-0.0088755916696244	0
chr17	75071805	75072305	ATP5H	75046984	+	25076	-0.0453292657065448	0
chr17	75071805	75072305	HN1	75168280	+	82628	-0.069824815775771	0
chr17	75071805	75072305	MRPL58	75012670	+	59392	-0.0333758903115617	0
chr17	75071805	75072305	NT5C	75131794	-	59740	-0.0092385095679343	0
chr17	76601545	76602532	ST6GALNAC1	76643837	-	41800	0.0135750730844144	0
chr17	76659597	76660588	SRSF2	76737373	-	77319	0.0050681339833871	0
chr17	76789441	76789941	SRSF2	76737373	-	52280	-0.0461113972954341	0
chr17	78256539	78257039	SYNGR2	78168558	+	88245	-0.0154170272763438	0
chr17	78258528	78259028	BIRC5	78214186	+	44583	-0.0655725430077262	0
chr17	78258528	78259028	SYNGR2	78168558	+	90234	-0.0341863615724197	0
chr17	78301063	78301563	BIRC5	78214186	+	87118	-0.021008020184158	0
chr17	80254696	80255316	RNF213	80260866	+	5854	-0.0782764496832104	1
chr17	82494383	82494883	NARF	82458180	+	35970	-0.0255031724960088	0
chr18	9005416	9005916	NDUFV2	9102630	+	96963	-0.0369437403943323	0
chr18	9016791	9018106	NDUFV2	9102630	+	85181	-0.0416976601174199	0
chr18	9073411	9074033	NDUFV2	9102630	+	28907	-0.0417095809993067	0
chr18	9403508	9404241	RALBP1	9475009	+	71657	-0.0329309227021982	0
chr18	9868423	9870282	VAPA	9914002	+	44605	-0.0865074123972711	1
chr18	9876828	9877738	VAPA	9914002	+	36674	-0.0722253504326618	0
chr18	9895441	9895941	VAPA	9914002	+	18266	-0.0365721276874465	0
chr18	9897041	9897541	VAPA	9914002	+	16666	-0.0439257822059468	0
chr18	11925688	11926188	IMPA2	11981025	+	55489	0.0475161407800655	0
chr18	11946724	11947668	IMPA2	11981025	+	34231	-0.0455921957681289	1
chr18	11951417	11952091	IMPA2	11981025	+	29673	-0.0415328217466564	1
chr18	12726990	12727490	PSMG2	12658043	+	24253	-0.0086748832570164	0
chr18	46153192	46153692	ATP5A1	46104333	+	55089	-0.0043694710710158	0
chr18	50425136	50425636	SKA1	50374995	+	50365	-0.0853065625831634	1
chr18	74479914	74480817	FAM69C	74457943	+	23097	-0.0232879480801953	1
chr19	555793	556394	BSG	571277	+	16360	-0.229334943067899	1
chr19	789048	790207	CFD	859643	+	70031	-0.0418138226440902	0
chr19	789048	790207	PTBP1	797075	+	7764	-0.0180524739675909	0
chr19	980444	980944	ARID3A	925781	+	54658	-0.0092845732508924	0
chr19	982611	983111	ARID3A	925781	+	56825	-0.0284085412729487	0
chr19	1101709	1102209	GPX4	1103926	+	1966	-0.0648212200506022	0
chr19	1443136	1444414	NDUFS7	1383527	+	59892	-0.0137346357796149	0
chr19	1443136	1444414	RPS15	1438358	+	5412	0.0195292108861007	0
chr19	1546109	1546609	C19orf25	1479555	-	67130	-0.0105932171424665	0
chr19	1546109	1546609	REEP6	1490747	+	55355	0.019911064801279	0
chr19	2059459	2060334	AP3D1	2164464	-	91661	-0.0142331688951737	0
chr19	2059459	2060334	MKNK2	2051243	-	8652	-0.0659870975797764	1
chr19	2355847	2356347	OAZ1	2269509	+	86612	0.0285096289958613	0
chr19	2355847	2356347	TIMM13	2427893	-	71819	-0.0453658472111776	0
chr19	2507099	2507599	TIMM13	2427893	-	79433	-0.0492215859136963	0
chr19	2749135	2749635	SGTA	2783370	-	33971	-0.0348985256517155	0
chr19	2749135	2749635	SLC39A3	2740151	-	9309	-0.0431805773949348	0
chr19	4005501	4006001	EEF2	3985468	-	20288	0.106391496457455	0
chr19	4870060	4870560	PLIN3	4867767	-	2542	-0.0974215595538682	1
chr19	6516780	6517280	KHSRP	6424793	-	92219	-0.0207332163373206	0
chr19	8033154	8033923	ELAVL1	8005658	-	27893	-0.0653524353517153	1
chr19	8033154	8033923	TIMM44	7943919	-	89715	0.0048314012230754	0
chr19	10236057	10236557	DNMT1	10231285	-	41172	0.0041084178275625	0
chr19	10236057	10236557	ICAM4	10286967	+	50659	0.0466089307077646	0
chr19	10236057	10236557	MRPL4	10251901	+	15656	-0.021887032232522	0
chr19	10299410	10300270	ICAM3	10339822	-	39994	-0.0937525313807346	1
chr19	13167479	13168145	LYL1	13103160	-	64652	-0.0029778081975848	0
chr19	13717239	13717816	C19orf53	13774168	+	56915	-0.0106389036506623	0
chr19	13842702	13843202	C19orf53	13774168	+	68510	0.0427564400886074	0
chr19	13846219	13847395	C19orf53	13774168	+	72365	0.0079108597663335	0
chr19	13851081	13851581	C19orf53	13774168	+	76889	0.0008224967852463	0
chr19	14372303	14372803	DDX39A	14419382	-	46830	-0.0486650016252728	0
chr19	14507660	14508160	DDX39A	14419382	-	88527	-0.0747925202500278	0
chr19	14507660	14508160	NDUFB7	14572061	-	64167	-0.0148901338906361	0
chr19	14574201	14574701	TECR	14517085	+	44885	-0.0718832944256953	0
chr19	14614022	14614522	NDUFB7	14572061	-	42195	-0.0428423606902736	0
chr19	17289461	17289961	USE1	17215346	+	74366	0.0296486398608025	0
chr19	17398833	17399622	BST2	17405647	-	6421	-0.123782483000557	1
chr19	17398833	17399622	MRPL34	17292609	+	93560	-0.0050610207561024	0
chr19	18289909	18290720	LSM4	18323273	-	32877	-0.0432994734823916	0
chr19	18289909	18290720	PGPEP1	18340587	+	50272	-0.0101048981560236	0
chr19	18291477	18292285	JUND	18281621	-	10225	-0.0648559394491171	1
chr19	18291477	18292285	LSM4	18323273	-	31310	-0.0300362748700245	0
chr19	18300981	18301481	LSM4	18323273	-	21960	-0.0313579248520063	0
chr19	18407986	18408629	LSM4	18323273	-	85116	-0.0174978322101126	0
chr19	18407986	18408629	PGPEP1	18340587	+	67721	0.0070220055648686	0
chr19	19364667	19365338	GATAD2A	19385826	+	20830	-0.0187357606979541	0
chr19	21128683	21129183	ZNF431	21142024	+	13076	-0.0709672253022701	1
chr19	29260429	29260929	UQCRFS1	29213540	-	47450	-0.0136499675680076	0
chr19	29687145	29687976	POP4	29604017	+	81298	0.0065025657720685	0
chr19	34975852	34976352	GRAMD1A	34994784	+	24217	-0.0194879954223013	0
chr19	35210656	35211283	FXYD5	35154730	+	56248	0.004533975835042	0
chr19	35210656	35211283	USF2	35268978	+	58008	0.0167898245530516	0
chr19	36127454	36128662	CAPNS1	36139575	+	11867	-0.0866676813354579	0
chr19	36127454	36128662	ZNF146	36214602	+	86543	-0.0446635764966096	0
chr19	39430596	39431096	RPS16	39435947	-	5174	0.0277827226901282	0
chr19	40416806	40417474	BLVRB	40465839	-	48678	-0.0288208881248019	0
chr19	40433276	40434535	BLVRB	40465839	-	31913	-0.003174533521371	0
chr19	40445863	40446363	BLVRB	40465839	-	19705	-0.0151762228020293	0
chr19	40662680	40664332	SNRPA	40750637	+	87347	-0.0369754436574742	0
chr19	43785250	43785750	KCNN4	43781256	-	4243	-0.0359817477550523	1
chr19	46862934	46863434	SLC1A5	46788593	-	74599	0.0195583586483325	0
chr19	50728300	50728800	CLEC11A	50723329	+	5203	-0.0625957189038063	1
chr19	50741218	50741718	C19orf48	50804928	+	63385	0.0057329874358758	0
chr19	50743080	50743580	C19orf48	50804928	+	61523	0.0283549812505808	0
chr19	55473634	55474134	ISOC2	55462342	-	12202	-0.0227168791111253	0
chr19	55473634	55474134	RPL28	55385345	+	87953	0.0408342151989685	0
chr19	55547221	55548272	ISOC2	55462342	-	86064	-0.0508129858088346	0
chr19	55547221	55548272	ZNF580	55635016	+	94305	-0.0203800196396545	0
chr2	15577025	15577525	DDX1	15591178	+	14345	-0.0001853052394502	0
chr2	38643689	38644189	HNRNPLL	38603585	-	40903	-0.0495277393491408	0
chr2	43177675	43178648	ZFP36L2	43226608	-	48445	-0.0789317569711136	1
chr2	43178924	43179424	ZFP36L2	43226608	-	47432	-0.095671068129876	1
chr2	43190532	43191032	ZFP36L2	43226608	-	35824	-0.107776362455626	1
chr2	43219485	43220340	ZFP36L2	43226608	-	6694	0.021367551861142	0
chr2	47179209	47179819	CALM2	47176600	-	2891	-0.0326454595115845	0
chr2	55115968	55116468	RTN4	55112620	-	65620	0.0366239981872702	0
chr2	55120528	55121415	RTN4	55112620	-	70373	-0.0104737855054466	0
chr2	55133514	55134528	RPS27A	55231903	+	98383	0.0235951290427683	0
chr2	55133514	55134528	RTN4	55112620	-	83423	0.012381808818738	0
chr2	55140350	55141482	RPS27A	55231903	+	91488	0.0441538816969072	0
chr2	55140350	55141482	RTN4	55112620	-	90318	-0.353107860120711	1
chr2	55157303	55158448	RPS27A	55231903	+	74529	0.0512135396489672	0
chr2	65294682	65295182	ACTR2	65227753	+	67238	0.0260857631040745	0
chr2	68120984	68121843	PNO1	68157844	+	36416	-0.074024173662701	0
chr2	68352552	68353391	CNRIP1	68320050	-	32920	-0.0173410591173335	1
chr2	69946506	69947931	SNRNP27	69893560	+	53276	-0.0093231526160232	0
chr2	70108487	70109291	PCBP1	70087454	+	21437	-0.0312669552154738	0
chr2	70135795	70136489	PCBP1	70087454	+	48690	-0.0212779194427484	0
chr2	73921102	73921602	DGUOK	73926826	+	5473	-0.0039061972770202	0
chr2	74185851	74186351	BOLA3	74147993	-	38189	0.010114702920502	0
chr2	74185851	74186351	MTHFD2	74198562	+	12461	0.012835118888131	0
chr2	84919788	84920560	TMSB10	84905625	+	14536	-0.263991641698139	1
chr2	85500048	85500548	MAT2A	85539165	+	38679	-0.0377478577822735	0
chr2	85500048	85500548	RNF181	85595725	+	95415	-0.0231462072570013	0
chr2	85500048	85500548	VAMP8	85561562	+	77192	-0.013943683661506	0
chr2	85501204	85501704	MAT2A	85539165	+	37523	-0.0102899057799886	0
chr2	85537475	85538125	MAT2A	85539165	+	1177	-0.0581615557144017	0
chr2	85537475	85538125	RNF181	85595725	+	57913	0.0057307357555884	0
chr2	85537475	85538125	VAMP8	85561562	+	39690	0.0044260333599759	0
chr2	105467983	105468707	FHL2	105438512	-	69121	0.0088781195550255	0
chr2	112256615	112257115	ZC3H8	112255135	-	1778	-0.0470513076533886	0
chr2	112683795	112684295	SLC20A1	112645857	+	38189	-0.0666994394790453	1
chr2	121811175	121811675	NIFK	121736922	-	74498	-0.0165552470749372	0
chr2	121811175	121811675	TSN	121737103	+	55881	0.0228195748135123	0
chr2	126644590	126645090	GYPC	126655933	+	11094	-0.0076336055926996	0
chr2	126645231	126645731	GYPC	126655933	+	10453	-0.391605160016519	1
chr2	126650893	126651540	GYPC	126655933	+	4718	-0.182322381348865	1
chr2	130378090	130379290	IMP4	130342225	+	36466	-0.0309245469977787	0
chr2	144582296	144583209	ZEB2	144524582	-	62361	-0.0645233524248118	1
chr2	151760313	151760813	ARL5A	151828491	-	67932	-0.0107377604997563	0
chr2	151766458	151766958	ARL5A	151828491	-	61787	0.0320035351645518	0
chr2	151767509	151768009	ARL5A	151828491	-	60736	-0.0048798743811638	0
chr2	151782544	151783218	ARL5A	151828491	-	45614	-0.0470714903112801	0
chr2	171513390	171514183	CYBRD1	171522247	+	8569	-0.0803765984888528	1
chr2	173291317	173291817	CDCA7	173354820	+	63265	0.0219955016008142	0
chr2	173400724	173401224	CDCA7	173354820	+	46142	-0.0081349364572905	0
chr2	227450914	227451700	AGFG1	227472152	+	20864	-0.0416716042460383	1
chr2	230658599	230659099	CAB39	230712845	+	54698	-0.0843471132630898	1
chr2	230659153	230659653	CAB39	230712845	+	54144	-0.123099786056342	1
chr2	231515596	231516096	NCL	231483640	-	51352	-0.0530856677508601	0
chr2	235460549	235461049	AGAP1	235494089	+	33289	-0.0264140094342342	1
chr2	237963667	237964594	UBE2F	237966827	+	2814	-0.0741200716200077	1
chr2	237964857	237965483	UBE2F	237966827	+	1774	-0.101332150935683	1
chr2	238422153	238422776	ASB1	238426742	+	4463	-0.0655412212936983	1
chr2	240060731	240061405	COPS9	240136806	-	75279	0.015365126146198	0
chr2	240060731	240061405	NDUFA10	240025401	-	35666	0.0398587111642981	0
chr20	1215251	1216203	PSMF1	1113263	+	97135	-0.0141546524426942	0
chr20	1415896	1416396	FKBP1A	1393171	-	22974	0.0187643389248013	0
chr20	1434465	1435350	FKBP1A	1393171	-	41735	0.0097729998750537	0
chr20	3839277	3839777	C20orf27	3768386	+	71722	-0.0417353078355579	0
chr20	3843451	3843951	C20orf27	3768386	+	75896	-0.0339733996401671	0
chr20	4082440	4083947	RNF24	4015581	-	67602	-0.0749255075758761	1
chr20	23359129	23359629	NXT1	23350736	+	8644	-0.004139328573107	0
chr20	23660402	23660902	CST3	23638472	-	22604	-0.053407349254543	0
chr20	31590725	31591225	HM13	31514428	+	76566	-0.0021011654531348	0
chr20	31608520	31609020	HM13	31514428	+	94361	0.007498472328947	0
chr20	31608520	31609020	ID1	31605283	+	3488	-0.158249932905106	1
chr20	31610562	31611062	ID1	31605283	+	5530	-0.303822218515518	1
chr20	33688908	33689408	E2F1	33686403	-	2754	-0.0489509764023134	1
chr20	35744044	35744544	ROMO1	35699272	+	44985	0.0102774920252307	0
chr20	40991370	40992348	TOP1	41028818	+	36958	-0.0252982870220809	0
chr20	41002846	41003887	TOP1	41028818	+	25451	-0.100634814176709	1
chr20	41008251	41008751	TOP1	41028818	+	20316	-0.0431036957057384	0
chr20	47358658	47359158	ZMYND8	47356888	-	2019	-0.0762311428210368	1
chr20	47360466	47361135	ZMYND8	47356888	-	3911	-0.0942486797592151	1
chr20	57415679	57416506	RAE1	57351010	+	65004	-0.015179234024889	0
chr20	59010892	59012020	NELFCD	58981208	+	30249	-0.0057154889013996	0
chr20	62088401	62088901	PSMA7	62143439	-	54807	-0.0023276860475437	0
chr20	62776665	62777370	LINC00659	62775411	-	161	-0.0234010380197037	1
chr21	14454201	14455113	SAMSN1	14583401	-	91703	-0.159718493334183	1
chr21	39137107	39137607	PSMG1	39183850	-	46157	-0.0364494972082679	0
chr21	43108963	43109463	CBS	43076942	-	32821	0.0018197207383789	0
chr21	43138914	43139414	U2AF1	43107586	-	31586	-0.0382758299948867	0
chr21	43768121	43769026	CSTB	43776444	-	7802	-0.114375866884053	1
chr21	43768121	43769026	RRP1	43789513	+	20963	-0.0143629628091541	0
chr21	43860698	43861198	CSTB	43776444	-	84573	-0.008418865232982	0
chr21	43860698	43861198	RRP1	43789513	+	71412	-0.0090456372715312	0
chr21	44836322	44836966	SUMO3	44818778	-	18515	0.0016598632967712	0
chr21	44878614	44879114	SUMO3	44818778	-	60735	-0.0187705161470972	0
chr21	45360195	45360695	COL18A1	45405137	+	95064	-0.0772171850673735	1
chr22	26632454	26633359	TPST2	26596716	-	42781	-0.143373529173528	1
chr22	29195544	29196468	EMID1	29205851	+	9905	-0.0216413285921956	1
chr22	29195544	29196468	EWSR1	29268009	+	72002	0.0076398070015313	0
chr22	36430768	36431268	EIF3D	36529435	-	98212	0.0515809950041743	0
chr22	36980605	36981105	MPST	37019635	+	38786	-0.0548063203700879	0
chr22	36982112	36982612	MPST	37019635	+	37279	-0.0748656954157323	1
chr22	38461435	38461935	DDX17	38507659	-	44655	0.0165375301280579	0
chr22	38846894	38847394	NPTXR	38843981	-	3132	-0.0127582236211589	1
chr22	39274143	39274643	RPL3	39320388	-	45272	0.0555150272804013	0
chr22	39281156	39282122	RPL3	39320388	-	38026	0.0238122790378716	0
chr22	39282872	39283372	RPL3	39320388	-	36543	0.0743069672792813	0
chr22	39343458	39344554	RPL3	39320388	-	24341	0.066825640626095	0
chr22	39452407	39453167	ATF4	39519695	+	67771	0.046505771768913	0
chr22	39452407	39453167	MGAT3	39457344	+	4532	-0.0420273311459868	1
chr22	39452407	39453167	RPS19BP1	39532854	-	80068	-0.0139639875400267	0
chr22	41448336	41448836	PHF5A	41468724	-	20118	-0.0248682992726426	0
chr22	41667145	41667809	SNU13	41690503	-	21432	0.0079082409757618	0
chr22	41667145	41667809	XRCC6	41621119	+	46315	-0.0349173862909894	0
chr3	9897580	9898206	CRELD1	9933822	+	35947	-0.0084083010173953	1
chr3	14204402	14205344	CHCHD4	14124869	-	80002	-0.0015132729944314	0
chr3	14204402	14205344	LSM3	14178358	+	26146	-0.0578349899844191	0
chr3	14232367	14233112	LSM3	14178358	+	54012	-0.102530558260955	1
chr3	14252708	14253628	LSM3	14178358	+	74441	-0.0339343118060483	0
chr3	37212953	37213453	LRRFIP2	37183688	-	36843	0.0429176977274695	0
chr3	45037672	45038172	EXOSC7	44975241	+	61674	-0.0313634664424206	0
chr3	45064421	45065273	ZDHHC3	44976184	-	88665	-0.0064917582555305	0
chr3	49349278	49350178	RHOA	49412997	-	62369	-0.0437286034401286	0
chr3	51992082	51992582	RPL29	51995941	-	3610	0.0243004567795371	0
chr3	88033655	88034905	CGGBP1	88149884	-	24716	-0.0818896250706838	0
chr3	101634605	101635105	RPL24	101686781	-	51864	0.0020353734222078	0
chr3	101635929	101636584	RPL24	101686781	-	50463	0.0182438249066834	0
chr3	101642303	101642803	RPL24	101686781	-	44166	-0.0118757173767515	0
chr3	108104249	108104749	CD47	108091024	-	13411	-0.0922305235736571	1
chr3	120571951	120572451	NDUFB4	120596309	+	24079	-0.132285176189886	1
chr3	122355531	122356171	CCDC58	122383230	+	27380	-0.0590668603114789	0
chr3	128415251	128415751	GATA2	128493184	-	77686	-0.120480771167914	1
chr3	128415902	128417330	GATA2	128493184	-	76571	-0.172217593272464	1
chr3	128505758	128506258	GATA2	128493184	-	12821	0.025877481713986	0
chr3	128549196	128549696	GATA2	128493184	-	56259	-0.0218350815069512	0
chr3	128549196	128549696	GATA2-AS1	128489212	+	60244	-0.0236413459117592	0
chr3	129195657	129196157	CNBP	129183921	-	11940	-0.0285175293498885	0
chr3	141848947	141849843	ATP1B3	141876124	+	27196	-0.130612298902483	1
chr3	143084982	143085482	CHST2	143119331	+	34543	-0.0318448484921888	1
chr3	143084982	143085482	U2SURP	142964497	+	83703	-0.0286654566688628	0
chr3	150729561	150730061	SIAH2	150763476	-	33665	-0.0773244917956451	1
chr3	150733196	150734132	SIAH2	150763476	-	29812	-0.0867505251349216	1
chr3	156604624	156606038	SSR3	156555183	-	50131	-0.031422450785309	0
chr3	171470702	171471405	TNIK	171460407	-	10645	-0.0816951663070296	1
chr3	185558258	185559469	SENP2	185582496	+	27379	-0.0189871627958522	0
chr3	185558258	185559469	TMEM41A	185499056	-	59806	-0.0098068366260812	0
chr3	186870331	186871952	EIF4A2	186783205	+	87570	0.0238843830254138	0
chr3	196108170	196108998	TFRC	196082188	-	26423	-0.0283208423607997	0
chr3	196181747	196182350	ZDHHC19	196211436	-	29389	-0.0758057230532883	1
chr3	196842644	196843144	NCBP2	196942596	-	99699	-0.0026604796427711	0
chr3	196842644	196843144	NCBP2-AS2	196942623	+	99728	-0.0101768764708731	0
chr4	702457	702957	ATP5I	674337	+	28369	-0.053784863294948	0
chr4	1785084	1785584	FGFR3	1793307	+	7977	-0.0244476991531143	1
chr4	1788516	1789016	SLBP	1712554	-	76025	0.0223661379567968	0
chr4	6730500	6731329	BLOC1S4	6716055	+	14800	-0.031574972055884	0
chr4	6730500	6731329	MRFAP1	6640091	+	90824	-0.0141670373751959	0
chr4	6730500	6731329	MRFAP1L1	6709879	-	21035	-0.0044293669128311	0
chr4	6732549	6733049	KIAA0232	6781375	+	49932	-0.0088902508350294	0
chr4	6732549	6733049	MRFAP1	6640091	+	92709	-0.0176634353683118	0
chr4	6732549	6733049	MRFAP1L1	6709879	-	22920	0.0016350687401367	0
chr4	6733930	6734838	BLOC1S4	6716055	+	18270	-0.0035992780758662	0
chr4	6733930	6734838	MRFAP1	6640091	+	94294	-0.0163832186531667	0
chr4	17549017	17550072	MED28	17614631	+	65083	0.0110420026755214	0
chr4	38605064	38606347	KLF3	38664196	+	58463	0.0237291517089946	0
chr4	39695687	39696187	UBE2K	39698044	+	2106	-0.0303547595804095	0
chr4	48481557	48482057	SLC10A4	48483343	+	1535	-0.0307037568120931	1
chr4	54571096	54572159	KIT	54657918	+	86300	-0.0160132755061476	1
chr4	55723369	55723869	NMU	55636697	-	87321	-0.163491722766818	1
chr4	55729466	55730962	NMU	55636697	-	93916	-0.611081789764628	1
chr4	55733769	55734436	NMU	55636697	-	97804	-0.325936379450491	1
chr4	56389499	56389999	PAICS	56435741	+	46353	-0.029381628583468	0
chr4	56389499	56389999	SRP72	56466915	+	77846	-0.0371238067416231	0
chr4	74330103	74330893	EREG	74365143	+	34644	-0.0459772683870553	1
chr4	78691924	78692710	BMP2K	78776342	+	84060	-0.134604334442063	1
chr4	78720861	78721538	BMP2K	78776342	+	55178	-0.074049319133937	1
chr4	78732519	78733156	BMP2K	78776342	+	43540	-0.121020570472856	1
chr4	80127264	80127764	ANTXR2	80125453	-	54191	-0.0958122466377238	1
chr4	98682629	98683129	TSPAN5	98658628	-	24218	-0.0603651970405732	1
chr4	98686789	98687289	TSPAN5	98658628	-	28378	-0.081454267302954	1
chr4	98861060	98861560	EIF4E	98930636	-	69327	-0.0665970618831995	0
chr4	109735697	109736521	GAR1	109815510	+	79400	-0.0367095038276308	0
chr4	109735697	109736521	PLA2G12A	109730076	-	6023	-0.0846451359611437	1
chr4	110248743	110249243	ELOVL6	110199198	-	50329	-0.0888301409748552	1
chr4	122749336	122750464	FGF2	122826708	+	76807	-0.0322629092463993	1
chr4	151031619	151032432	RPS3A	151099573	+	67547	0.0409600512948938	0
chr4	153341638	153342138	MND1	153344649	+	2760	-0.0113676130765717	0
chr4	176290445	176290945	SPCS3	176319964	+	29243	-0.103943404809002	1
chr5	10310245	10310745	CMBL	10308025	-	2439	-0.0960373151313265	1
chr5	10319195	10319831	CCT5	10249921	+	69593	-0.0527199489040746	0
chr5	10319195	10319831	MARCH6	10353703	+	34125	-0.0178674205535626	0
chr5	10320745	10321245	CCT5	10249921	+	71075	-0.032491634305725	0
chr5	10320745	10321245	CMBL	10308025	-	12939	-0.008996226218239	0
chr5	10320745	10321245	MARCH6	10353703	+	32643	0.0034232337046578	0
chr5	33474956	33476107	TARS	33440696	+	34756	0.0088724016533718	0
chr5	40801917	40802539	PRKAA1	40798373	-	4033	-0.0517428364034384	1
chr5	40801917	40802539	RPL37	40835334	-	33057	-0.0088703766375904	0
chr5	40802781	40803281	RPL37	40835334	-	32254	0.0551714477263428	0
chr5	53118712	53119369	MOCS2	53110062	-	9268	-0.160838247147039	1
chr5	53120100	53120600	MOCS2	53110062	-	10578	-0.149558562242208	1
chr5	54311751	54312251	LINC01033	54320944	+	8942	-0.142077611574236	1
chr5	54313246	54313746	LINC01033	54320944	+	7447	-0.149998240977973	1
chr5	62261182	62262119	KIF2A	62306162	+	44511	-0.0868313671958112	1
chr5	73488735	73489235	BTF3	73498408	+	9439	-0.0164655587966664	0
chr5	74591835	74592473	HEXB	74640023	+	92989	-0.0479681459616543	0
chr5	81754579	81755079	SSBP2	81751796	-	3576	-0.0662513435962516	1
chr5	81758675	81759175	SSBP2	81751796	-	7672	-0.0853763481169351	1
chr5	86526731	86527231	COX7C	86617904	+	90985	-0.0325491600961448	0
chr5	112967969	112970228	DCP2	112976702	+	7611	-0.0369409589675753	0
chr5	112973835	112974335	DCP2	112976702	+	2624	-0.0955947969043486	1
chr5	129082196	129083165	ISOC1	129094751	+	12068	-0.115333257199514	1
chr5	132837746	132838246	UQCRQ	132866560	+	28630	-0.0225303006435058	0
chr5	133906461	133906961	VDAC1	134005132	-	98255	-0.0134040914210467	0
chr5	133930196	133931107	VDAC1	134005132	-	74315	-0.0268339208122117	0
chr5	133932550	133933438	VDAC1	134005132	-	71972	-0.0371074389658424	0
chr5	134018396	134018896	VDAC1	134005132	-	13680	0.0404810485853271	0
chr5	135434043	135434543	H2AFY	135399913	+	35055	-0.0634596605688084	0
chr5	138490883	138491383	HSPA9	138575443	-	84496	0.0171792467648351	0
chr5	139503864	139504364	UBE2D2	139526431	+	57051	-0.0406655465059659	0
chr5	139517620	139518679	UBE2D2	139526431	+	43016	0.0190439510028098	0
chr5	139635695	139636511	CXXC5	139647299	+	39336	0.0109538293942473	0
chr5	139635695	139636511	UBE2D2	139526431	+	74938	-0.0450322468460297	0
chr5	141692840	141693597	HDAC3	141636869	-	56362	-0.0083977301226391	0
chr5	142014235	142014735	GNPDA1	142013040	-	1430	-0.0982931225533923	1
chr5	142088782	142089590	NDFIP1	142108505	+	19572	-0.0246553119281421	0
chr5	145854297	145855550	PRELID2	145835368	-	19554	-0.0833535359178116	1
chr5	149452002	149452685	CSNK1A1	149551551	-	99209	0.0259690125197067	0
chr5	154653845	154654345	LARP1	154712902	+	58806	-0.101829562171706	1
chr5	154682350	154683436	LARP1	154712902	+	30008	-0.0242223599359315	0
chr5	159128057	159128557	RNF145	159210052	-	79519	-0.0308344186376469	0
chr5	173853357	173854014	CPEB4	173888280	+	34642	-0.0541514389177737	1
chr5	173855548	173856048	CPEB4	173888280	+	32529	-0.0728734898365655	1
chr5	177561178	177562131	TMED9	177592158	+	30493	-0.0451169597148848	0
chr5	177568287	177568787	TMED9	177592158	+	23610	-0.0281643914796635	0
chr5	178081500	178082349	NHP2	178153966	-	72036	-0.0375894610920354	0
chr5	178127330	178127952	HNRNPAB	178204507	+	76865	-0.0440956541065737	0
chr5	178127330	178127952	NHP2	178153966	-	26319	-0.0347412304650354	0
chr5	178127330	178127952	RMND5B	178130996	+	3319	-0.0490842264172396	0
chr5	178182167	178182667	HNRNPAB	178204507	+	22089	-0.0601548560788041	0
chr5	181159216	181159716	RACK1	181248095	-	84440	0.063886697985923	0
chr5	181161024	181161954	RACK1	181248095	-	82417	0.0653248120482184	0
chr5	181173240	181174145	RACK1	181248095	-	70214	0.057064422633675	0
chr5	181184049	181184549	RACK1	181248095	-	59607	0.0787739867451609	0
chr5	181188256	181189202	RACK1	181248095	-	55177	0.0435269036262638	0
chr5	181217521	181218720	RACK1	181248095	-	25786	0.0281928632558128	0
chr6	3162001	3163516	PSMG4	3231403	+	96169	-0.0353664306935706	0
chr6	4176755	4177536	ECI2	4135596	-	41548	-0.0902147068083676	1
chr6	8139808	8140308	EEF1E1	8102577	-	37463	-0.0018109526010685	0
chr6	10640322	10640960	TMEM14C	10722915	+	82273	0.0116287694229535	0
chr6	13355161	13355877	TBC1D7	13328582	-	26936	0.0026169580875381	0
chr6	13908919	13909419	MCUR1	13814567	-	94609	0.0186054225310701	0
chr6	14108205	14109346	CD83	14117256	+	8858	-0.0285027134732754	1
chr6	16224139	16225317	GMPR	16238580	+	13851	-0.0705712755218759	1
chr6	26556099	26556974	ABT1	26596952	+	40406	0.0096403242053735	0
chr6	26568592	26569571	ABT1	26596952	+	27861	-0.0148985267388364	0
chr6	26575384	26576322	ABT1	26596952	+	21089	-0.0396708563276006	0
chr6	27157290	27158523	HIST1H2BK	27146797	+	11048	0.0198017489378315	0
chr6	27174607	27175435	HIST1H2BK	27146797	+	28163	-0.016059060884002	0
chr6	27188283	27189261	HIST1H2BK	27146797	+	41914	-0.057176430475122	0
chr6	28940228	28941924	TRIM27	28923988	-	17085	0.0135400505625427	0
chr6	28952931	28954168	TRIM27	28923988	-	29558	-0.0055951327650883	0
chr6	28980674	28981495	TRIM27	28923988	-	57093	-0.122580667204253	1
chr6	29965822	29966442	ZNRD1	30058899	+	95107	-0.0233324324883223	0
chr6	30097832	30098332	PPP1R11	30066709	+	30928	-0.0314450392921362	0
chr6	30496544	30497044	ABCF1	30571376	+	74598	-0.0084092378052108	0
chr6	30496544	30497044	GNL1	30557173	-	60800	-0.0006270081305866	0
chr6	30508916	30509644	ABCF1	30571376	+	62112	-0.0372407418264585	0
chr6	30508916	30509644	GNL1	30557173	-	48314	-0.0105256246109625	0
chr6	30793712	30794212	TUBB	30720201	+	73762	0.012134609443418	0
chr6	31490359	31490859	DDX39B	31542447	-	51866	0.0248872728563179	0
chr6	31567576	31568076	CSNK2B	31665236	+	98053	-0.0021429162602222	0
chr6	31821167	31822455	C6orf48	31834608	+	13103	0.103393863266009	0
chr6	31821167	31822455	CLIC1	31739762	-	85247	-0.0044739656057107	0
chr6	31821167	31822455	LSM2	31806983	-	14827	-0.021159510367837	0
chr6	31821167	31822455	NEU1	31862905	-	41121	0.016306150265436	0
chr6	31821167	31822455	SLC44A4	31879045	-	57235	0.0112720203366397	0
chr6	31821167	31822455	VARS	31795952	+	25876	-0.0066729556721578	0
chr6	32131463	32131963	AGPAT1	32178095	-	44426	-0.0185153381442463	0
chr6	32131463	32131963	FKBPL	32130290	-	1423	-0.094005047691278	1
chr6	32131463	32131963	PBX2	32190185	-	58473	-0.0242664580181692	0
chr6	32131463	32131963	RNF5	32178354	+	46671	-0.0244237953115397	0
chr6	33380405	33381121	CUTA	33418316	-	37525	-0.0578817892821607	0
chr6	34200575	34201075	HMGA1	34236873	+	35974	0.0092129999324139	0
chr6	34223553	34224454	HMGA1	34236873	+	12796	-0.109032042011457	1
chr6	34276812	34277752	HMGA1	34236873	+	40483	0.0264898800100644	0
chr6	36848568	36849553	C6orf89	36871870	+	36803	-0.0070893920790315	0
chr6	36848568	36849553	PPIL1	36875023	-	25964	-0.018968147153676	0
chr6	37048457	37049581	MTCH1	36986297	-	62468	-0.0145045678245257	0
chr6	37050156	37051053	MTCH1	36986297	-	64053	-0.0102917247609485	0
chr6	37059214	37060038	MTCH1	36986297	-	73075	-0.0121029440476172	0
chr6	37062421	37062921	MTCH1	36986297	-	76120	-0.0133783448723436	0
chr6	37103245	37103745	PIM1	37170203	+	66650	-0.0014489370736251	0
chr6	37109489	37110223	PIM1	37170203	+	60289	-0.166619503305204	1
chr6	37155272	37155772	PIM1	37170203	+	14623	0.0232663968778779	0
chr6	37175665	37178356	PIM1	37170203	+	6865	-0.0286705506569724	0
chr6	37187145	37187645	PIM1	37170203	+	17250	-0.0268450936050594	0
chr6	37191700	37192200	PIM1	37170203	+	21805	0.0475324817215768	0
chr6	37205013	37206166	PIM1	37170203	+	35444	-0.026170953060499	0
chr6	37210040	37210875	PIM1	37170203	+	40312	0.0330979682504349	0
chr6	37423554	37424203	CCDC167	37499921	-	76046	0.002435319730669	0
chr6	42197508	42198387	MRPS10	42217864	-	19948	-0.130695791613672	1
chr6	42199304	42199804	MRPS10	42217864	-	18341	-0.122941574211182	1
chr6	44096652	44097152	MRPL14	44127456	-	30589	-0.024616288935765	0
chr6	44471538	44472038	CDC5L	44387525	+	84275	0.0034708473872506	0
chr6	47420409	47421163	CD2AP	47477789	+	57002	-0.168674711204589	1
chr6	49645920	49646771	RHAG	49636838	-	9471	-0.326951954116904	1
chr6	52286764	52287606	MCM3	52284880	-	2304	-0.0243367410693005	0
chr6	73585217	73586901	EEF1A1	73523796	-	65027	0.0461900851380364	0
chr6	83974602	83975291	MRAP2	84033756	+	58712	-0.087105789499504	1
chr6	116562532	116563112	RWDD1	116571367	+	8544	-0.0735797183862378	0
chr6	125306944	125307816	HDDC2	125302077	-	5244	-0.258953581048541	1
chr6	132820472	132821201	RPS12	132814441	+	6268	0.0610917052940456	0
chr6	139445368	139445868	CITED2	139374619	-	70968	-0.149777617477806	1
chr6	150861445	150862225	MTHFD1L	150865549	+	3843	0.0048124078787059	0
chr6	154513818	154514318	CNKSR3	154510658	-	3409	-0.0860677409011185	1
chr6	166959196	166959696	RNASET2	166957190	-	2857	-0.0542439976243153	0
chr7	1169791	1170291	ZFAND2A	1160758	-	9822	-0.026531454834669	0
chr7	2399799	2400621	EIF3B	2354086	+	45372	-0.0088249019628556	0
chr7	5525112	5527033	ACTB	5563783	-	4529	-0.0356168811640665	0
chr7	5574162	5575313	ACTB	5563783	-	44136	-0.0345795013399475	0
chr7	5574162	5575313	FSCN1	5592823	+	18067	-0.210408217032699	1
chr7	5609507	5610007	FSCN1	5592823	+	16953	-0.0703036786297101	0
chr7	6367562	6368335	RAC1	6374523	+	6546	-0.0365483191231404	0
chr7	7104842	7105517	C1GALT1	7156934	+	77435	-0.0821310470426741	1
chr7	12715575	12716075	ARL4A	12686856	+	28540	-0.0806430302046564	0
chr7	12722683	12723183	ARL4A	12686856	+	35648	-0.329877305564015	1
chr7	22680403	22680994	IL6	22725884	+	46443	-0.0253572039709877	1
chr7	22681797	22682926	IL6	22725884	+	44780	-0.0196177351047809	1
chr7	26233792	26234555	HNRNPA2B1	26201528	-	33380	-0.0768522126296464	0
chr7	26284989	26285489	HNRNPA2B1	26201528	-	84446	-0.0561860272252779	0
chr7	29793437	29793937	WIPF3	29806486	+	12866	-0.138413602866901	1
chr7	42888739	42889590	MRPL32	42932200	+	43175	0.0058934398384784	0
chr7	42888739	42889590	PSMA2	42932222	-	43042	-0.0184960191303704	0
chr7	43735508	43736639	COA1	43729716	-	6532	-0.0473234350550066	0
chr7	43756575	43757509	BLVRA	43758680	+	1630	-0.262021660662712	1
chr7	43756575	43757509	COA1	43729716	-	27501	-0.100729091971062	1
chr7	44921566	44922520	H2AFV	44848082	+	73917	-0.0522647458644943	0
chr7	44995065	44995565	CCM2	44999475	+	4872	-0.0836917890775417	1
chr7	44995065	44995565	SNHG15	44986960	-	8655	-0.0723564567706482	1
chr7	64848967	64849927	ZNF273	64870172	+	53794	-0.0579132687276869	0
chr7	66908462	66909098	SBDS	66995600	-	86916	-0.0108947950866804	0
chr7	74164928	74165577	EIF4H	74174245	+	9123	-0.0246662689791214	0
chr7	74269902	74270402	EIF4H	74174245	+	95777	2.69467224152109e-05	0
chr7	74271707	74272207	EIF4H	74174245	+	97582	0.0228660431957182	0
chr7	76291536	76292450	HSPB1	76302544	+	10564	-0.0525981408565132	0
chr7	76291536	76292450	YWHAG	76359030	-	67032	0.0141348151735172	0
chr7	76364052	76364552	YWHAG	76359030	-	5277	-0.049844691156654	0
chr7	76372829	76373665	DTX2	76461676	+	88407	0.0398390110288025	0
chr7	76372829	76373665	HSPB1	76302544	+	70690	0.0353140307681023	0
chr7	76372829	76373665	YWHAG	76359030	-	14222	-0.0497557914907161	0
chr7	76383060	76383560	HSPB1	76302544	+	80753	0.0238936403446055	0
chr7	100444358	100445290	PPP1R35	100436564	-	8351	-0.125872955804367	1
chr7	100450352	100451131	TSC22D4	100479278	-	28538	-0.0139668778047296	0
chr7	100533195	100533695	MOSPD3	100612102	+	79045	0.0225760782813282	0
chr7	101733760	101734448	CUX1	101815904	+	81799	-0.0124988110361756	0
chr7	103995900	103996555	RELN	103989515	-	6711	-0.132072659329201	1
chr7	106358104	106358760	NAMPT	106286325	-	73240	-0.008245123293001	0
chr7	106978516	106979016	PRKAR2B	107044649	+	65966	-0.148649727024875	1
chr7	106979031	106979531	PRKAR2B	107044649	+	65451	-0.117851349408608	1
chr7	106979629	106980464	PRKAR2B	107044649	+	64686	-0.0659145495988001	1
chr7	107007135	107008276	PRKAR2B	107044649	+	37027	-0.170540286370833	1
chr7	107010101	107011094	PRKAR2B	107044649	+	34135	-0.122999002087577	1
chr7	116948875	116949375	CAPZA2	116811070	+	86617	-0.0197552534014168	0
chr7	116949933	116950433	CAPZA2	116811070	+	87675	-0.0513283397775484	0
chr7	116949933	116950433	ST7	116953238	+	3143	-0.0353751139462791	1
chr7	116950822	116951322	CAPZA2	116811070	+	88564	-0.0188712513819582	0
chr7	128828069	128828569	ATP6V1F	128862826	+	34483	-0.0290981380764921	0
chr7	134639833	134640333	BPGM	134646808	+	6695	-0.082179652030566	1
chr7	140488125	140488772	MKRN1	140479568	-	8879	-0.0352212028343633	0
chr7	142838379	142839241	EPHB6	142855061	+	23945	-0.056137501592715	1
chr7	142964196	142964902	KEL	142962680	-	2133	-0.0422614278980299	1
chr8	11879271	11880174	CTSB	11869447	-	11572	-0.0725436028169439	1
chr8	18122637	18123137	ASAH1	18084997	-	37889	-0.14576548960763	1
chr8	23508429	23509665	SLC25A37	23528805	+	19747	-0.231842423544966	1
chr8	30911759	30912634	TEX15	30890605	-	63179	-0.0710698367631651	1
chr8	30912766	30913266	TEX15	30890605	-	63999	-0.0578204066173796	1
chr8	38080963	38083035	BAG4	38176533	+	94588	-0.0165094767203638	0
chr8	38080963	38083035	EIF4EBP1	38030341	+	51498	-0.0425146980088954	0
chr8	38080963	38083035	LSM1	38176729	-	94731	-0.0330513238355477	0
chr8	38090386	38090886	ASH2L	38105242	+	14856	-0.0602010920299878	1
chr8	38090386	38090886	LSM1	38176729	-	86094	0.0075508582938914	0
chr8	38091598	38092967	EIF4EBP1	38030341	+	61781	0.007798325031523	0
chr8	54105781	54106803	MRPL15	54135210	+	28928	-0.0140177181351354	0
chr8	55847774	55848651	LYN	55879813	+	31614	-0.0638937156726623	1
chr8	55847774	55848651	TGS1	55773142	+	74981	0.0057045253893359	0
chr8	55851611	55852111	LYN	55879813	+	27965	-0.085665546732339	1
chr8	55853158	55854232	LYN	55879813	+	26131	-0.0848980172169051	1
chr8	55853158	55854232	TGS1	55773142	+	80464	0.0073222040394003	0
chr8	60284882	60285382	CA8	60281411	-	3709	-0.140257624882205	1
chr8	60330001	60331008	CA8	60281411	-	49081	-0.107428566135011	1
chr8	90197307	90197807	LINC00534	90221488	+	23930	-0.0193677250751442	1
chr8	100763825	100764325	PABPC1	100722808	-	41988	1.36316637109335e-05	0
chr8	100881928	100882428	YWHAZ	100953387	-	69154	0.0372127842412076	0
chr8	100882744	100883244	YWHAZ	100953387	-	68338	-0.0152210272430053	0
chr8	123157062	123158208	FAM83A	123178960	+	24716	0.0513427708392877	0
chr8	123166206	123166706	FAM83A	123178960	+	15895	-0.164446531963694	1
chr8	124447142	124447642	NDUFB9	124539103	+	91709	0.0024632529428869	0
chr8	140465586	140466086	CHRAC1	140511298	+	45461	-0.0342674701035161	0
chr8	142961124	142961993	LY6E	143017982	+	56926	-0.124807035310369	1
chr8	144074177	144074677	CYC1	144095027	+	20607	-0.0501603043792183	0
chr8	144074177	144074677	EXOSC4	144078626	+	4191	-0.113542109938027	1
chr9	69020296	69021186	FXN	69035259	+	14821	-0.0955675522954219	1
chr9	73143858	73144497	ANXA1	73151757	+	7553	-0.305308891077837	1
chr9	73148376	73149938	ANXA1	73151757	+	2573	-0.416600422048588	1
chr9	87792713	87793213	CTSL	87725519	+	66905	-0.102830377828782	1
chr9	97960769	97961269	ANP32B	97983361	+	22187	-0.213971635422309	1
chr9	97960769	97961269	HEMGN	97944855	-	16104	-0.22320622631327	1
chr9	97960769	97961269	NANS	98056739	+	95657	-0.0907048459774647	0
chr9	97966421	97966921	ANP32B	97983361	+	16535	0.0323900286718011	0
chr9	97980427	97981367	ANP32B	97983361	+	2309	-0.0222750896694979	0
chr9	97980427	97981367	NANS	98056739	+	75779	-0.0691214016555893	0
chr9	98045050	98045798	ANP32B	97983361	+	62218	0.0467967239971361	0
chr9	99075179	99075797	TGFBR1	99104038	+	29600	-0.0461377242799497	1
chr9	110257874	110258374	TXN	110256639	-	1484	-0.096987480119175	0
chr9	114538219	114538719	ATP6V1G1	114587746	+	49244	0.0262339626163757	0
chr9	114551863	114552363	ATP6V1G1	114587746	+	35600	-0.0317703512589411	0
chr9	120896697	120897631	PHF19	120894895	-	19836	-0.21762782354017	1
chr9	123304618	123305485	STRBP	123268575	-	36487	-0.0824746140808704	1
chr9	127422121	127422621	RPL12	127451404	-	29061	0.0045658832395558	0
chr9	127862350	127863418	AK1	127877742	-	14859	-0.134010789530326	1
chr9	128296243	128297250	COQ4	128322536	+	25761	0.02752932837159	0
chr9	130531562	130532062	FUBP3	130578965	+	47760	-0.0080717010091401	0
chr9	133004122	133004622	GFI1B	132944000	+	58828	-0.168587336778901	1
chr9	133283070	133284222	RPL7A	133348214	+	64567	0.0237232861244798	0
chr9	135440397	135442035	MRPS2	135499984	+	59414	-0.0083373815058818	0
chr9	136784146	136784646	EDF1	136866285	-	81940	-0.041347559658439	0
chr9	136784146	136784646	RABL6	136807943	+	23525	-0.0271763135808999	0
chr9	136784896	136785518	PHPT1	136848724	+	63608	-0.0317823413347095	0
chr9	136787564	136788172	PHPT1	136848724	+	60947	-0.0410094377983678	0
chr9	137129510	137130010	SSNA1	137188647	+	58841	-0.0221724153966075	0
chrX	12946730	12947650	TMSB4X	12975108	+	27916	-0.257726586402962	1
chrX	12950092	12950592	TMSB4X	12975108	+	24764	-0.132580217001993	1
chrX	12950803	12951303	TMSB4X	12975108	+	24053	-0.200903053956545	1
chrX	12955709	12956663	TMSB4X	12975108	+	18920	-0.604832748590562	1
chrX	12956805	12957305	TMSB4X	12975108	+	18051	-0.63670174785588	1
chrX	12978156	12978656	TMSB4X	12975108	+	3300	-0.214846923538403	1
chrX	13059633	13060133	TMSB4X	12975108	+	84777	-0.0042633482435784	0
chrX	16772420	16772920	SYAP1	16719632	+	53087	0.0503038820010908	0
chrX	16930443	16930943	RBBP7	16870413	-	60282	-0.0351171344590014	0
chrX	21926575	21927277	SMS	21940573	+	13646	-0.0661680431511235	0
chrX	23952863	23954186	APOO	23907933	-	45584	-0.0042175991950371	0
chrX	41330634	41331134	DDX3X	41333348	+	3277	-0.0411510889991064	0
chrX	47661953	47662656	ELK1	47650603	-	11700	-0.0618994130575179	1
chrX	47661953	47662656	TIMP1	47582313	+	80014	-0.0277090182223987	0
chrX	47661953	47662656	UXT	47659160	-	3124	-0.121542225090681	1
chrX	47664700	47665200	TIMP1	47582313	+	82660	-0.0217798489629368	0
chrX	47664700	47665200	UXT	47659160	-	5770	-0.027979909178349	0
chrX	47675867	47676955	TIMP1	47582313	+	94121	-0.0253219073845533	0
chrX	47675867	47676955	UXT	47659160	-	17231	0.0394937238699111	0
chrX	47683160	47684279	UXT	47659160	-	24539	-0.0474139894535492	0
chrX	48531561	48532505	EBP	48521158	+	10258	-0.098142552898267	1
chrX	48631332	48631832	RBM3	48574449	+	57230	-0.0439208613560487	0
chrX	48782818	48783318	GATA1	48786554	+	3505	-0.308856393984121	1
chrX	48867737	48868384	GATA1	48786554	+	81487	-0.0260809597020579	0
chrX	48867737	48868384	PQBP1	48897912	+	29851	-0.0175061641568718	0
chrX	68584140	68584640	YIPF6	68498323	+	85609	0.0096929614784437	0
chrX	103233173	103233673	BEX4	103215092	+	18332	-0.293879526689202	1
chrX	103233173	103233673	TCEAL8	103255202	-	21770	-0.0735821238217822	1
chrX	103235544	103236044	BEX4	103215092	+	20703	-0.215200129919835	1
chrX	107674004	107674995	PRPS1	107628424	+	46076	-0.0190956894722302	0
chrX	134981877	134982377	SMIM10	134990938	+	8810	-0.117948600005914	1
chrX	136896491	136897194	RBMX	136880763	-	16062	-0.0074707230723555	0
chrX	153985479	153985979	IRAK1	154019979	-	34162	-0.116955040391591	1
chrX	154001551	154002590	NAA10	153935222	-	66916	-0.0415572354984748	0
chrX	154527069	154527569	FAM3A	154516241	-	11077	0.0140380140222256	0
chrX	154527069	154527569	LAGE3	154479256	-	48062	-0.0178881740944382	0
chrX	154527069	154527569	UBL4A	154486669	-	40649	-0.0066510941673866	0
chrX	154757158	154758121	MPP1	154821006	-	47888	0.0560910123125324	0
